[
  {
    "type": "repository",
    "url": "https://github.com/MrSiNun/British_Airways_Data_Science_Internship.md",
    "owner": "https://github.com/MrSiNun",
    "name": "British_Airways_Data_Science_Internship.md",
    "description": "test_project2",
    "website": null,
    "private": false,
    "has_issues": true,
    "has_wiki": true,
    "has_downloads": true,
    "is_archived": false,
    "labels": [
      {
        "url": "https://github.com/MrSiNun/British_Airways_Data_Science_Internship.md/labels/bug",
        "name": "bug",
        "color": "d73a4a",
        "description": "Something isn't working",
        "created_at": "2024-01-29T17:02:07Z"
      },
      {
        "url": "https://github.com/MrSiNun/British_Airways_Data_Science_Internship.md/labels/documentation",
        "name": "documentation",
        "color": "0075ca",
        "description": "Improvements or additions to documentation",
        "created_at": "2024-01-29T17:02:07Z"
      },
      {
        "url": "https://github.com/MrSiNun/British_Airways_Data_Science_Internship.md/labels/duplicate",
        "name": "duplicate",
        "color": "cfd3d7",
        "description": "This issue or pull request already exists",
        "created_at": "2024-01-29T17:02:07Z"
      },
      {
        "url": "https://github.com/MrSiNun/British_Airways_Data_Science_Internship.md/labels/enhancement",
        "name": "enhancement",
        "color": "a2eeef",
        "description": "New feature or request",
        "created_at": "2024-01-29T17:02:07Z"
      },
      {
        "url": "https://github.com/MrSiNun/British_Airways_Data_Science_Internship.md/labels/good%20first%20issue",
        "name": "good first issue",
        "color": "7057ff",
        "description": "Good for newcomers",
        "created_at": "2024-01-29T17:02:08Z"
      },
      {
        "url": "https://github.com/MrSiNun/British_Airways_Data_Science_Internship.md/labels/help%20wanted",
        "name": "help wanted",
        "color": "008672",
        "description": "Extra attention is needed",
        "created_at": "2024-01-29T17:02:08Z"
      },
      {
        "url": "https://github.com/MrSiNun/British_Airways_Data_Science_Internship.md/labels/invalid",
        "name": "invalid",
        "color": "e4e669",
        "description": "This doesn't seem right",
        "created_at": "2024-01-29T17:02:08Z"
      },
      {
        "url": "https://github.com/MrSiNun/British_Airways_Data_Science_Internship.md/labels/question",
        "name": "question",
        "color": "d876e3",
        "description": "Further information is requested",
        "created_at": "2024-01-29T17:02:08Z"
      },
      {
        "url": "https://github.com/MrSiNun/British_Airways_Data_Science_Internship.md/labels/wontfix",
        "name": "wontfix",
        "color": "ffffff",
        "description": "This will not be worked on",
        "created_at": "2024-01-29T17:02:08Z"
      }
    ],
    "collaborators": [

    ],
    "created_at": "2024-01-29T17:02:06Z",
    "git_url": "tarball://root/repositories/MrSiNun/British_Airways_Data_Science_Internship.md.git",
    "default_branch": "main",
    "webhooks": [
      {
        "payload_url": "https://api.snyk.io/webhook/github/5670ee7d-28e0-4544-9b24-a6ab55f32c58",
        "content_type": "json",
        "event_types": [
          "pull_request",
          "push"
        ],
        "enable_ssl_verification": true,
        "active": true
      }
    ],
    "page": null,
    "public_keys": [

    ],
    "repository_topics": [

    ],
    "security_and_analysis": {
      "dependency_graph": true,
      "vulnerability_alerts": false,
      "vulnerability_updates": false,
      "advanced_security": false,
      "token_scanning": false,
      "token_scanning_push_protection": false
    },
    "autolinks": [

    ],
    "general_settings": {
      "template": true,
      "allow_forking": true,
      "sponsorships": false,
      "projects": true,
      "discussions": false,
      "merge_commit": true,
      "squash_merge": true,
      "rebase_merge": true,
      "auto_merge": true,
      "delete_branch_heads": false,
      "update_branch": true,
      "git_lfs_in_archives": false
    },
    "actions_general_settings": {
      "actions_disabled": false,
      "allows_all_actions": true,
      "allows_local_actions_only": false,
      "allows_github_owned_actions": false,
      "allows_verified_actions": false,
      "allows_specific_actions_patterns": false,
      "patterns": [

      ]
    }
  },
  {
    "type": "repository",
    "url": "https://github.com/MrSiNun/FizzBuzz-Test",
    "owner": "https://github.com/MrSiNun",
    "name": "FizzBuzz-Test",
    "description": "FizzBuzzTest",
    "website": null,
    "private": false,
    "has_issues": true,
    "has_wiki": true,
    "has_downloads": true,
    "is_archived": false,
    "labels": [
      {
        "url": "https://github.com/MrSiNun/FizzBuzz-Test/labels/bug",
        "name": "bug",
        "color": "d73a4a",
        "description": "Something isn't working",
        "created_at": "2024-02-10T00:39:13Z"
      },
      {
        "url": "https://github.com/MrSiNun/FizzBuzz-Test/labels/documentation",
        "name": "documentation",
        "color": "0075ca",
        "description": "Improvements or additions to documentation",
        "created_at": "2024-02-10T00:39:13Z"
      },
      {
        "url": "https://github.com/MrSiNun/FizzBuzz-Test/labels/duplicate",
        "name": "duplicate",
        "color": "cfd3d7",
        "description": "This issue or pull request already exists",
        "created_at": "2024-02-10T00:39:13Z"
      },
      {
        "url": "https://github.com/MrSiNun/FizzBuzz-Test/labels/enhancement",
        "name": "enhancement",
        "color": "a2eeef",
        "description": "New feature or request",
        "created_at": "2024-02-10T00:39:13Z"
      },
      {
        "url": "https://github.com/MrSiNun/FizzBuzz-Test/labels/good%20first%20issue",
        "name": "good first issue",
        "color": "7057ff",
        "description": "Good for newcomers",
        "created_at": "2024-02-10T00:39:13Z"
      },
      {
        "url": "https://github.com/MrSiNun/FizzBuzz-Test/labels/help%20wanted",
        "name": "help wanted",
        "color": "008672",
        "description": "Extra attention is needed",
        "created_at": "2024-02-10T00:39:13Z"
      },
      {
        "url": "https://github.com/MrSiNun/FizzBuzz-Test/labels/invalid",
        "name": "invalid",
        "color": "e4e669",
        "description": "This doesn't seem right",
        "created_at": "2024-02-10T00:39:13Z"
      },
      {
        "url": "https://github.com/MrSiNun/FizzBuzz-Test/labels/question",
        "name": "question",
        "color": "d876e3",
        "description": "Further information is requested",
        "created_at": "2024-02-10T00:39:13Z"
      },
      {
        "url": "https://github.com/MrSiNun/FizzBuzz-Test/labels/wontfix",
        "name": "wontfix",
        "color": "ffffff",
        "description": "This will not be worked on",
        "created_at": "2024-02-10T00:39:14Z"
      }
    ],
    "collaborators": [

    ],
    "created_at": "2024-02-10T00:39:12Z",
    "git_url": "tarball://root/repositories/MrSiNun/FizzBuzz-Test.git",
    "default_branch": "main",
    "webhooks": [

    ],
    "page": null,
    "public_keys": [

    ],
    "repository_topics": [

    ],
    "security_and_analysis": {
      "dependency_graph": true,
      "vulnerability_alerts": false,
      "vulnerability_updates": false,
      "advanced_security": false,
      "token_scanning": false,
      "token_scanning_push_protection": false
    },
    "autolinks": [

    ],
    "general_settings": {
      "template": false,
      "allow_forking": true,
      "sponsorships": false,
      "projects": true,
      "discussions": false,
      "merge_commit": true,
      "squash_merge": true,
      "rebase_merge": true,
      "auto_merge": false,
      "delete_branch_heads": false,
      "update_branch": false,
      "git_lfs_in_archives": false
    },
    "actions_general_settings": {
      "actions_disabled": false,
      "allows_all_actions": true,
      "allows_local_actions_only": false,
      "allows_github_owned_actions": false,
      "allows_verified_actions": false,
      "allows_specific_actions_patterns": false,
      "patterns": [

      ]
    }
  },
  {
    "type": "repository",
    "url": "https://github.com/MrSiNun/ShortestPath_with_FloydsAlgorithm_Tests",
    "owner": "https://github.com/MrSiNun",
    "name": "ShortestPath_with_FloydsAlgorithm_Tests",
    "description": null,
    "website": null,
    "private": false,
    "has_issues": true,
    "has_wiki": false,
    "has_downloads": true,
    "is_archived": false,
    "labels": [
      {
        "url": "https://github.com/MrSiNun/ShortestPath_with_FloydsAlgorithm_Tests/labels/bug",
        "name": "bug",
        "color": "d73a4a",
        "description": "Something isn't working",
        "created_at": "2024-02-25T12:08:16Z"
      },
      {
        "url": "https://github.com/MrSiNun/ShortestPath_with_FloydsAlgorithm_Tests/labels/documentation",
        "name": "documentation",
        "color": "0075ca",
        "description": "Improvements or additions to documentation",
        "created_at": "2024-02-25T12:08:16Z"
      },
      {
        "url": "https://github.com/MrSiNun/ShortestPath_with_FloydsAlgorithm_Tests/labels/duplicate",
        "name": "duplicate",
        "color": "cfd3d7",
        "description": "This issue or pull request already exists",
        "created_at": "2024-02-25T12:08:16Z"
      },
      {
        "url": "https://github.com/MrSiNun/ShortestPath_with_FloydsAlgorithm_Tests/labels/enhancement",
        "name": "enhancement",
        "color": "a2eeef",
        "description": "New feature or request",
        "created_at": "2024-02-25T12:08:16Z"
      },
      {
        "url": "https://github.com/MrSiNun/ShortestPath_with_FloydsAlgorithm_Tests/labels/good%20first%20issue",
        "name": "good first issue",
        "color": "7057ff",
        "description": "Good for newcomers",
        "created_at": "2024-02-25T12:08:16Z"
      },
      {
        "url": "https://github.com/MrSiNun/ShortestPath_with_FloydsAlgorithm_Tests/labels/help%20wanted",
        "name": "help wanted",
        "color": "008672",
        "description": "Extra attention is needed",
        "created_at": "2024-02-25T12:08:16Z"
      },
      {
        "url": "https://github.com/MrSiNun/ShortestPath_with_FloydsAlgorithm_Tests/labels/invalid",
        "name": "invalid",
        "color": "e4e669",
        "description": "This doesn't seem right",
        "created_at": "2024-02-25T12:08:16Z"
      },
      {
        "url": "https://github.com/MrSiNun/ShortestPath_with_FloydsAlgorithm_Tests/labels/question",
        "name": "question",
        "color": "d876e3",
        "description": "Further information is requested",
        "created_at": "2024-02-25T12:08:17Z"
      },
      {
        "url": "https://github.com/MrSiNun/ShortestPath_with_FloydsAlgorithm_Tests/labels/wontfix",
        "name": "wontfix",
        "color": "ffffff",
        "description": "This will not be worked on",
        "created_at": "2024-02-25T12:08:17Z"
      }
    ],
    "collaborators": [

    ],
    "created_at": "2024-02-25T12:08:16Z",
    "git_url": "tarball://root/repositories/MrSiNun/ShortestPath_with_FloydsAlgorithm_Tests.git",
    "default_branch": "main",
    "webhooks": [
      {
        "payload_url": "https://api.snyk.io/webhook/github/f147b93c-c4ff-491e-bc4a-a7376bb27bfe",
        "content_type": "json",
        "event_types": [
          "pull_request",
          "push"
        ],
        "enable_ssl_verification": true,
        "active": true
      }
    ],
    "page": null,
    "public_keys": [

    ],
    "repository_topics": [

    ],
    "security_and_analysis": {
      "dependency_graph": true,
      "vulnerability_alerts": true,
      "vulnerability_updates": false,
      "advanced_security": false,
      "token_scanning": false,
      "token_scanning_push_protection": false
    },
    "autolinks": [

    ],
    "general_settings": {
      "template": false,
      "allow_forking": true,
      "sponsorships": false,
      "projects": true,
      "discussions": false,
      "merge_commit": true,
      "squash_merge": true,
      "rebase_merge": true,
      "auto_merge": false,
      "delete_branch_heads": false,
      "update_branch": false,
      "git_lfs_in_archives": false
    },
    "actions_general_settings": {
      "actions_disabled": false,
      "allows_all_actions": true,
      "allows_local_actions_only": false,
      "allows_github_owned_actions": false,
      "allows_verified_actions": false,
      "allows_specific_actions_patterns": false,
      "patterns": [

      ]
    }
  },
  {
    "type": "repository",
    "url": "https://github.com/MrSiNun/csck541-EMA_GroupC_Project",
    "owner": "https://github.com/MrSiNun",
    "name": "csck541-EMA_GroupC_Project",
    "description": null,
    "website": null,
    "private": false,
    "has_issues": true,
    "has_wiki": false,
    "has_downloads": true,
    "is_archived": false,
    "labels": [
      {
        "url": "https://github.com/MrSiNun/csck541-EMA_GroupC_Project/labels/bug",
        "name": "bug",
        "color": "d73a4a",
        "description": "Something isn't working",
        "created_at": "2024-03-18T12:07:40Z"
      },
      {
        "url": "https://github.com/MrSiNun/csck541-EMA_GroupC_Project/labels/documentation",
        "name": "documentation",
        "color": "0075ca",
        "description": "Improvements or additions to documentation",
        "created_at": "2024-03-18T12:07:40Z"
      },
      {
        "url": "https://github.com/MrSiNun/csck541-EMA_GroupC_Project/labels/duplicate",
        "name": "duplicate",
        "color": "cfd3d7",
        "description": "This issue or pull request already exists",
        "created_at": "2024-03-18T12:07:40Z"
      },
      {
        "url": "https://github.com/MrSiNun/csck541-EMA_GroupC_Project/labels/enhancement",
        "name": "enhancement",
        "color": "a2eeef",
        "description": "New feature or request",
        "created_at": "2024-03-18T12:07:40Z"
      },
      {
        "url": "https://github.com/MrSiNun/csck541-EMA_GroupC_Project/labels/good%20first%20issue",
        "name": "good first issue",
        "color": "7057ff",
        "description": "Good for newcomers",
        "created_at": "2024-03-18T12:07:41Z"
      },
      {
        "url": "https://github.com/MrSiNun/csck541-EMA_GroupC_Project/labels/help%20wanted",
        "name": "help wanted",
        "color": "008672",
        "description": "Extra attention is needed",
        "created_at": "2024-03-18T12:07:41Z"
      },
      {
        "url": "https://github.com/MrSiNun/csck541-EMA_GroupC_Project/labels/invalid",
        "name": "invalid",
        "color": "e4e669",
        "description": "This doesn't seem right",
        "created_at": "2024-03-18T12:07:41Z"
      },
      {
        "url": "https://github.com/MrSiNun/csck541-EMA_GroupC_Project/labels/question",
        "name": "question",
        "color": "d876e3",
        "description": "Further information is requested",
        "created_at": "2024-03-18T12:07:41Z"
      },
      {
        "url": "https://github.com/MrSiNun/csck541-EMA_GroupC_Project/labels/wontfix",
        "name": "wontfix",
        "color": "ffffff",
        "description": "This will not be worked on",
        "created_at": "2024-03-18T12:07:41Z"
      }
    ],
    "collaborators": [

    ],
    "created_at": "2024-03-18T12:07:39Z",
    "git_url": "tarball://root/repositories/MrSiNun/csck541-EMA_GroupC_Project.git",
    "default_branch": "main",
    "webhooks": [
      {
        "payload_url": "https://api.snyk.io/webhook/github/57e482c1-af45-4af7-ba0b-21819d203cc2",
        "content_type": "json",
        "event_types": [
          "pull_request",
          "push"
        ],
        "enable_ssl_verification": true,
        "active": true
      }
    ],
    "page": null,
    "public_keys": [

    ],
    "repository_topics": [

    ],
    "security_and_analysis": {
      "dependency_graph": true,
      "vulnerability_alerts": true,
      "vulnerability_updates": false,
      "advanced_security": false,
      "token_scanning": false,
      "token_scanning_push_protection": false
    },
    "autolinks": [

    ],
    "general_settings": {
      "template": false,
      "allow_forking": true,
      "sponsorships": false,
      "projects": true,
      "discussions": false,
      "merge_commit": true,
      "squash_merge": true,
      "rebase_merge": true,
      "auto_merge": false,
      "delete_branch_heads": false,
      "update_branch": false,
      "git_lfs_in_archives": false
    },
    "actions_general_settings": {
      "actions_disabled": false,
      "allows_all_actions": true,
      "allows_local_actions_only": false,
      "allows_github_owned_actions": false,
      "allows_verified_actions": false,
      "allows_specific_actions_patterns": false,
      "patterns": [

      ]
    }
  },
  {
    "type": "repository",
    "url": "https://github.com/MrSiNun/advancing-python",
    "owner": "https://github.com/MrSiNun",
    "name": "advancing-python",
    "description": null,
    "website": null,
    "private": false,
    "has_issues": true,
    "has_wiki": true,
    "has_downloads": true,
    "is_archived": false,
    "labels": [
      {
        "url": "https://github.com/MrSiNun/advancing-python/labels/bug",
        "name": "bug",
        "color": "d73a4a",
        "description": "Something isn't working",
        "created_at": "2024-03-20T19:32:19Z"
      },
      {
        "url": "https://github.com/MrSiNun/advancing-python/labels/documentation",
        "name": "documentation",
        "color": "0075ca",
        "description": "Improvements or additions to documentation",
        "created_at": "2024-03-20T19:32:19Z"
      },
      {
        "url": "https://github.com/MrSiNun/advancing-python/labels/duplicate",
        "name": "duplicate",
        "color": "cfd3d7",
        "description": "This issue or pull request already exists",
        "created_at": "2024-03-20T19:32:19Z"
      },
      {
        "url": "https://github.com/MrSiNun/advancing-python/labels/enhancement",
        "name": "enhancement",
        "color": "a2eeef",
        "description": "New feature or request",
        "created_at": "2024-03-20T19:32:19Z"
      },
      {
        "url": "https://github.com/MrSiNun/advancing-python/labels/good%20first%20issue",
        "name": "good first issue",
        "color": "7057ff",
        "description": "Good for newcomers",
        "created_at": "2024-03-20T19:32:19Z"
      },
      {
        "url": "https://github.com/MrSiNun/advancing-python/labels/help%20wanted",
        "name": "help wanted",
        "color": "008672",
        "description": "Extra attention is needed",
        "created_at": "2024-03-20T19:32:19Z"
      },
      {
        "url": "https://github.com/MrSiNun/advancing-python/labels/invalid",
        "name": "invalid",
        "color": "e4e669",
        "description": "This doesn't seem right",
        "created_at": "2024-03-20T19:32:19Z"
      },
      {
        "url": "https://github.com/MrSiNun/advancing-python/labels/question",
        "name": "question",
        "color": "d876e3",
        "description": "Further information is requested",
        "created_at": "2024-03-20T19:32:19Z"
      },
      {
        "url": "https://github.com/MrSiNun/advancing-python/labels/wontfix",
        "name": "wontfix",
        "color": "ffffff",
        "description": "This will not be worked on",
        "created_at": "2024-03-20T19:32:19Z"
      }
    ],
    "collaborators": [

    ],
    "created_at": "2024-03-20T19:32:18Z",
    "git_url": "tarball://root/repositories/MrSiNun/advancing-python.git",
    "default_branch": "main",
    "webhooks": [
      {
        "payload_url": "https://api.snyk.io/webhook/github/9c4961b1-4ec3-49d6-8169-227702013f60",
        "content_type": "json",
        "event_types": [
          "pull_request",
          "push"
        ],
        "enable_ssl_verification": true,
        "active": true
      }
    ],
    "page": null,
    "public_keys": [

    ],
    "repository_topics": [

    ],
    "security_and_analysis": {
      "dependency_graph": true,
      "vulnerability_alerts": false,
      "vulnerability_updates": false,
      "advanced_security": false,
      "token_scanning": true,
      "token_scanning_push_protection": true
    },
    "autolinks": [

    ],
    "general_settings": {
      "template": false,
      "allow_forking": true,
      "sponsorships": false,
      "projects": true,
      "discussions": false,
      "merge_commit": true,
      "squash_merge": true,
      "rebase_merge": true,
      "auto_merge": false,
      "delete_branch_heads": false,
      "update_branch": false,
      "git_lfs_in_archives": false
    },
    "actions_general_settings": {
      "actions_disabled": false,
      "allows_all_actions": true,
      "allows_local_actions_only": false,
      "allows_github_owned_actions": false,
      "allows_verified_actions": false,
      "allows_specific_actions_patterns": false,
      "patterns": [

      ]
    }
  },
  {
    "type": "repository",
    "url": "https://github.com/MrSiNun/tips",
    "owner": "https://github.com/MrSiNun",
    "name": "tips",
    "description": null,
    "website": null,
    "private": false,
    "has_issues": true,
    "has_wiki": false,
    "has_downloads": true,
    "is_archived": false,
    "labels": [
      {
        "url": "https://github.com/MrSiNun/tips/labels/bug",
        "name": "bug",
        "color": "d73a4a",
        "description": "Something isn't working",
        "created_at": "2024-03-27T13:58:32Z"
      },
      {
        "url": "https://github.com/MrSiNun/tips/labels/documentation",
        "name": "documentation",
        "color": "0075ca",
        "description": "Improvements or additions to documentation",
        "created_at": "2024-03-27T13:58:32Z"
      },
      {
        "url": "https://github.com/MrSiNun/tips/labels/duplicate",
        "name": "duplicate",
        "color": "cfd3d7",
        "description": "This issue or pull request already exists",
        "created_at": "2024-03-27T13:58:32Z"
      },
      {
        "url": "https://github.com/MrSiNun/tips/labels/enhancement",
        "name": "enhancement",
        "color": "a2eeef",
        "description": "New feature or request",
        "created_at": "2024-03-27T13:58:32Z"
      },
      {
        "url": "https://github.com/MrSiNun/tips/labels/good%20first%20issue",
        "name": "good first issue",
        "color": "7057ff",
        "description": "Good for newcomers",
        "created_at": "2024-03-27T13:58:32Z"
      },
      {
        "url": "https://github.com/MrSiNun/tips/labels/help%20wanted",
        "name": "help wanted",
        "color": "008672",
        "description": "Extra attention is needed",
        "created_at": "2024-03-27T13:58:32Z"
      },
      {
        "url": "https://github.com/MrSiNun/tips/labels/invalid",
        "name": "invalid",
        "color": "e4e669",
        "description": "This doesn't seem right",
        "created_at": "2024-03-27T13:58:32Z"
      },
      {
        "url": "https://github.com/MrSiNun/tips/labels/question",
        "name": "question",
        "color": "d876e3",
        "description": "Further information is requested",
        "created_at": "2024-03-27T13:58:32Z"
      },
      {
        "url": "https://github.com/MrSiNun/tips/labels/wontfix",
        "name": "wontfix",
        "color": "ffffff",
        "description": "This will not be worked on",
        "created_at": "2024-03-27T13:58:32Z"
      }
    ],
    "collaborators": [

    ],
    "created_at": "2024-03-27T13:58:31Z",
    "git_url": "tarball://root/repositories/MrSiNun/tips.git",
    "default_branch": "main",
    "webhooks": [
      {
        "payload_url": "https://api.snyk.io/webhook/github/af31cd45-caf0-4733-8801-6b38295d0503",
        "content_type": "json",
        "event_types": [
          "pull_request",
          "push"
        ],
        "enable_ssl_verification": true,
        "active": true
      }
    ],
    "page": null,
    "public_keys": [

    ],
    "repository_topics": [

    ],
    "security_and_analysis": {
      "dependency_graph": true,
      "vulnerability_alerts": true,
      "vulnerability_updates": false,
      "advanced_security": false,
      "token_scanning": false,
      "token_scanning_push_protection": false
    },
    "autolinks": [

    ],
    "general_settings": {
      "template": false,
      "allow_forking": true,
      "sponsorships": false,
      "projects": true,
      "discussions": false,
      "merge_commit": true,
      "squash_merge": true,
      "rebase_merge": true,
      "auto_merge": false,
      "delete_branch_heads": false,
      "update_branch": false,
      "git_lfs_in_archives": false
    },
    "actions_general_settings": {
      "actions_disabled": false,
      "allows_all_actions": true,
      "allows_local_actions_only": false,
      "allows_github_owned_actions": false,
      "allows_verified_actions": false,
      "allows_specific_actions_patterns": false,
      "patterns": [

      ]
    }
  },
  {
    "type": "repository",
    "url": "https://github.com/MrSiNun/Snake-Game",
    "owner": "https://github.com/MrSiNun",
    "name": "Snake-Game",
    "description": null,
    "website": null,
    "private": false,
    "has_issues": true,
    "has_wiki": true,
    "has_downloads": true,
    "is_archived": false,
    "labels": [
      {
        "url": "https://github.com/MrSiNun/Snake-Game/labels/bug",
        "name": "bug",
        "color": "d73a4a",
        "description": "Something isn't working",
        "created_at": "2024-03-27T21:01:26Z"
      },
      {
        "url": "https://github.com/MrSiNun/Snake-Game/labels/documentation",
        "name": "documentation",
        "color": "0075ca",
        "description": "Improvements or additions to documentation",
        "created_at": "2024-03-27T21:01:26Z"
      },
      {
        "url": "https://github.com/MrSiNun/Snake-Game/labels/duplicate",
        "name": "duplicate",
        "color": "cfd3d7",
        "description": "This issue or pull request already exists",
        "created_at": "2024-03-27T21:01:26Z"
      },
      {
        "url": "https://github.com/MrSiNun/Snake-Game/labels/enhancement",
        "name": "enhancement",
        "color": "a2eeef",
        "description": "New feature or request",
        "created_at": "2024-03-27T21:01:26Z"
      },
      {
        "url": "https://github.com/MrSiNun/Snake-Game/labels/good%20first%20issue",
        "name": "good first issue",
        "color": "7057ff",
        "description": "Good for newcomers",
        "created_at": "2024-03-27T21:01:27Z"
      },
      {
        "url": "https://github.com/MrSiNun/Snake-Game/labels/help%20wanted",
        "name": "help wanted",
        "color": "008672",
        "description": "Extra attention is needed",
        "created_at": "2024-03-27T21:01:26Z"
      },
      {
        "url": "https://github.com/MrSiNun/Snake-Game/labels/invalid",
        "name": "invalid",
        "color": "e4e669",
        "description": "This doesn't seem right",
        "created_at": "2024-03-27T21:01:27Z"
      },
      {
        "url": "https://github.com/MrSiNun/Snake-Game/labels/question",
        "name": "question",
        "color": "d876e3",
        "description": "Further information is requested",
        "created_at": "2024-03-27T21:01:27Z"
      },
      {
        "url": "https://github.com/MrSiNun/Snake-Game/labels/wontfix",
        "name": "wontfix",
        "color": "ffffff",
        "description": "This will not be worked on",
        "created_at": "2024-03-27T21:01:27Z"
      }
    ],
    "collaborators": [

    ],
    "created_at": "2024-03-27T21:01:25Z",
    "git_url": "tarball://root/repositories/MrSiNun/Snake-Game.git",
    "default_branch": "main",
    "webhooks": [
      {
        "payload_url": "https://api.snyk.io/webhook/github/ba02c8e8-6f68-4b0f-b911-c021c9e25577",
        "content_type": "json",
        "event_types": [
          "pull_request",
          "push"
        ],
        "enable_ssl_verification": true,
        "active": true
      }
    ],
    "page": null,
    "public_keys": [

    ],
    "repository_topics": [

    ],
    "security_and_analysis": {
      "dependency_graph": true,
      "vulnerability_alerts": false,
      "vulnerability_updates": false,
      "advanced_security": false,
      "token_scanning": true,
      "token_scanning_push_protection": true
    },
    "autolinks": [

    ],
    "general_settings": {
      "template": false,
      "allow_forking": true,
      "sponsorships": false,
      "projects": true,
      "discussions": false,
      "merge_commit": true,
      "squash_merge": true,
      "rebase_merge": true,
      "auto_merge": false,
      "delete_branch_heads": false,
      "update_branch": false,
      "git_lfs_in_archives": false
    },
    "actions_general_settings": {
      "actions_disabled": false,
      "allows_all_actions": true,
      "allows_local_actions_only": false,
      "allows_github_owned_actions": false,
      "allows_verified_actions": false,
      "allows_specific_actions_patterns": false,
      "patterns": [

      ]
    }
  },
  {
    "type": "repository",
    "url": "https://github.com/MrSiNun/SkyHigh-Insights-British-Airways",
    "owner": "https://github.com/MrSiNun",
    "name": "SkyHigh-Insights-British-Airways",
    "description": "SkyHigh Insights/ Unveiling British Airways Sentiments.py",
    "website": null,
    "private": false,
    "has_issues": true,
    "has_wiki": true,
    "has_downloads": true,
    "is_archived": false,
    "labels": [
      {
        "url": "https://github.com/MrSiNun/SkyHigh-Insights-British-Airways/labels/bug",
        "name": "bug",
        "color": "d73a4a",
        "description": "Something isn't working",
        "created_at": "2024-04-14T03:15:45Z"
      },
      {
        "url": "https://github.com/MrSiNun/SkyHigh-Insights-British-Airways/labels/documentation",
        "name": "documentation",
        "color": "0075ca",
        "description": "Improvements or additions to documentation",
        "created_at": "2024-04-14T03:15:45Z"
      },
      {
        "url": "https://github.com/MrSiNun/SkyHigh-Insights-British-Airways/labels/duplicate",
        "name": "duplicate",
        "color": "cfd3d7",
        "description": "This issue or pull request already exists",
        "created_at": "2024-04-14T03:15:45Z"
      },
      {
        "url": "https://github.com/MrSiNun/SkyHigh-Insights-British-Airways/labels/enhancement",
        "name": "enhancement",
        "color": "a2eeef",
        "description": "New feature or request",
        "created_at": "2024-04-14T03:15:45Z"
      },
      {
        "url": "https://github.com/MrSiNun/SkyHigh-Insights-British-Airways/labels/good%20first%20issue",
        "name": "good first issue",
        "color": "7057ff",
        "description": "Good for newcomers",
        "created_at": "2024-04-14T03:15:45Z"
      },
      {
        "url": "https://github.com/MrSiNun/SkyHigh-Insights-British-Airways/labels/help%20wanted",
        "name": "help wanted",
        "color": "008672",
        "description": "Extra attention is needed",
        "created_at": "2024-04-14T03:15:45Z"
      },
      {
        "url": "https://github.com/MrSiNun/SkyHigh-Insights-British-Airways/labels/invalid",
        "name": "invalid",
        "color": "e4e669",
        "description": "This doesn't seem right",
        "created_at": "2024-04-14T03:15:45Z"
      },
      {
        "url": "https://github.com/MrSiNun/SkyHigh-Insights-British-Airways/labels/question",
        "name": "question",
        "color": "d876e3",
        "description": "Further information is requested",
        "created_at": "2024-04-14T03:15:45Z"
      },
      {
        "url": "https://github.com/MrSiNun/SkyHigh-Insights-British-Airways/labels/wontfix",
        "name": "wontfix",
        "color": "ffffff",
        "description": "This will not be worked on",
        "created_at": "2024-04-14T03:15:45Z"
      }
    ],
    "collaborators": [

    ],
    "created_at": "2024-04-14T03:15:44Z",
    "git_url": "tarball://root/repositories/MrSiNun/SkyHigh-Insights-British-Airways.git",
    "default_branch": "main",
    "webhooks": [
      {
        "payload_url": "https://api.snyk.io/webhook/github/4d10496c-b4f7-4c93-a056-43ae3ce44533",
        "content_type": "json",
        "event_types": [
          "pull_request",
          "push"
        ],
        "enable_ssl_verification": true,
        "active": true
      }
    ],
    "page": null,
    "public_keys": [

    ],
    "repository_topics": [

    ],
    "security_and_analysis": {
      "dependency_graph": true,
      "vulnerability_alerts": false,
      "vulnerability_updates": false,
      "advanced_security": false,
      "token_scanning": true,
      "token_scanning_push_protection": true
    },
    "autolinks": [

    ],
    "general_settings": {
      "template": false,
      "allow_forking": true,
      "sponsorships": false,
      "projects": true,
      "discussions": false,
      "merge_commit": true,
      "squash_merge": true,
      "rebase_merge": true,
      "auto_merge": false,
      "delete_branch_heads": false,
      "update_branch": false,
      "git_lfs_in_archives": false
    },
    "actions_general_settings": {
      "actions_disabled": false,
      "allows_all_actions": true,
      "allows_local_actions_only": false,
      "allows_github_owned_actions": false,
      "allows_verified_actions": false,
      "allows_specific_actions_patterns": false,
      "patterns": [

      ]
    }
  },
  {
    "type": "repository",
    "url": "https://github.com/MrSiNun/ScanChef",
    "owner": "https://github.com/MrSiNun",
    "name": "ScanChef",
    "description": null,
    "website": null,
    "private": false,
    "has_issues": true,
    "has_wiki": false,
    "has_downloads": true,
    "is_archived": false,
    "labels": [
      {
        "url": "https://github.com/MrSiNun/ScanChef/labels/bug",
        "name": "bug",
        "color": "d73a4a",
        "description": "Something isn't working",
        "created_at": "2024-05-20T19:21:33Z"
      },
      {
        "url": "https://github.com/MrSiNun/ScanChef/labels/documentation",
        "name": "documentation",
        "color": "0075ca",
        "description": "Improvements or additions to documentation",
        "created_at": "2024-05-20T19:21:33Z"
      },
      {
        "url": "https://github.com/MrSiNun/ScanChef/labels/duplicate",
        "name": "duplicate",
        "color": "cfd3d7",
        "description": "This issue or pull request already exists",
        "created_at": "2024-05-20T19:21:33Z"
      },
      {
        "url": "https://github.com/MrSiNun/ScanChef/labels/enhancement",
        "name": "enhancement",
        "color": "a2eeef",
        "description": "New feature or request",
        "created_at": "2024-05-20T19:21:34Z"
      },
      {
        "url": "https://github.com/MrSiNun/ScanChef/labels/good%20first%20issue",
        "name": "good first issue",
        "color": "7057ff",
        "description": "Good for newcomers",
        "created_at": "2024-05-20T19:21:34Z"
      },
      {
        "url": "https://github.com/MrSiNun/ScanChef/labels/help%20wanted",
        "name": "help wanted",
        "color": "008672",
        "description": "Extra attention is needed",
        "created_at": "2024-05-20T19:21:34Z"
      },
      {
        "url": "https://github.com/MrSiNun/ScanChef/labels/invalid",
        "name": "invalid",
        "color": "e4e669",
        "description": "This doesn't seem right",
        "created_at": "2024-05-20T19:21:34Z"
      },
      {
        "url": "https://github.com/MrSiNun/ScanChef/labels/question",
        "name": "question",
        "color": "d876e3",
        "description": "Further information is requested",
        "created_at": "2024-05-20T19:21:34Z"
      },
      {
        "url": "https://github.com/MrSiNun/ScanChef/labels/wontfix",
        "name": "wontfix",
        "color": "ffffff",
        "description": "This will not be worked on",
        "created_at": "2024-05-20T19:21:34Z"
      }
    ],
    "collaborators": [

    ],
    "created_at": "2024-05-20T19:21:33Z",
    "git_url": "tarball://root/repositories/MrSiNun/ScanChef.git",
    "default_branch": "main",
    "webhooks": [

    ],
    "page": null,
    "public_keys": [

    ],
    "repository_topics": [

    ],
    "security_and_analysis": {
      "dependency_graph": true,
      "vulnerability_alerts": true,
      "vulnerability_updates": false,
      "advanced_security": false,
      "token_scanning": false,
      "token_scanning_push_protection": false
    },
    "autolinks": [

    ],
    "general_settings": {
      "template": false,
      "allow_forking": true,
      "sponsorships": false,
      "projects": true,
      "discussions": false,
      "merge_commit": true,
      "squash_merge": true,
      "rebase_merge": true,
      "auto_merge": false,
      "delete_branch_heads": false,
      "update_branch": false,
      "git_lfs_in_archives": false
    },
    "actions_general_settings": {
      "actions_disabled": false,
      "allows_all_actions": true,
      "allows_local_actions_only": false,
      "allows_github_owned_actions": false,
      "allows_verified_actions": false,
      "allows_specific_actions_patterns": false,
      "patterns": [

      ]
    }
  },
  {
    "type": "repository",
    "url": "https://github.com/MrSiNun/Loading...",
    "owner": "https://github.com/MrSiNun",
    "name": "Loading...",
    "description": null,
    "website": null,
    "private": true,
    "has_issues": true,
    "has_wiki": false,
    "has_downloads": true,
    "is_archived": false,
    "labels": [
      {
        "url": "https://github.com/MrSiNun/Loading.../labels/bug",
        "name": "bug",
        "color": "d73a4a",
        "description": "Something isn't working",
        "created_at": "2024-05-20T19:38:05Z"
      },
      {
        "url": "https://github.com/MrSiNun/Loading.../labels/documentation",
        "name": "documentation",
        "color": "0075ca",
        "description": "Improvements or additions to documentation",
        "created_at": "2024-05-20T19:38:05Z"
      },
      {
        "url": "https://github.com/MrSiNun/Loading.../labels/duplicate",
        "name": "duplicate",
        "color": "cfd3d7",
        "description": "This issue or pull request already exists",
        "created_at": "2024-05-20T19:38:05Z"
      },
      {
        "url": "https://github.com/MrSiNun/Loading.../labels/enhancement",
        "name": "enhancement",
        "color": "a2eeef",
        "description": "New feature or request",
        "created_at": "2024-05-20T19:38:05Z"
      },
      {
        "url": "https://github.com/MrSiNun/Loading.../labels/good%20first%20issue",
        "name": "good first issue",
        "color": "7057ff",
        "description": "Good for newcomers",
        "created_at": "2024-05-20T19:38:05Z"
      },
      {
        "url": "https://github.com/MrSiNun/Loading.../labels/help%20wanted",
        "name": "help wanted",
        "color": "008672",
        "description": "Extra attention is needed",
        "created_at": "2024-05-20T19:38:05Z"
      },
      {
        "url": "https://github.com/MrSiNun/Loading.../labels/invalid",
        "name": "invalid",
        "color": "e4e669",
        "description": "This doesn't seem right",
        "created_at": "2024-05-20T19:38:05Z"
      },
      {
        "url": "https://github.com/MrSiNun/Loading.../labels/question",
        "name": "question",
        "color": "d876e3",
        "description": "Further information is requested",
        "created_at": "2024-05-20T19:38:05Z"
      },
      {
        "url": "https://github.com/MrSiNun/Loading.../labels/wontfix",
        "name": "wontfix",
        "color": "ffffff",
        "description": "This will not be worked on",
        "created_at": "2024-05-20T19:38:05Z"
      }
    ],
    "collaborators": [

    ],
    "created_at": "2024-05-20T19:38:04Z",
    "git_url": "tarball://root/repositories/MrSiNun/Loading....git",
    "default_branch": "main",
    "webhooks": [

    ],
    "page": null,
    "public_keys": [

    ],
    "repository_topics": [

    ],
    "security_and_analysis": {
      "dependency_graph": true,
      "vulnerability_alerts": false,
      "vulnerability_updates": false,
      "advanced_security": false,
      "token_scanning": false,
      "token_scanning_push_protection": false
    },
    "autolinks": [

    ],
    "general_settings": {
      "template": false,
      "allow_forking": true,
      "sponsorships": false,
      "projects": true,
      "discussions": false,
      "merge_commit": true,
      "squash_merge": true,
      "rebase_merge": true,
      "auto_merge": false,
      "delete_branch_heads": false,
      "update_branch": false,
      "git_lfs_in_archives": false
    },
    "actions_general_settings": {
      "actions_disabled": false,
      "allows_all_actions": true,
      "allows_local_actions_only": false,
      "allows_github_owned_actions": false,
      "allows_verified_actions": false,
      "allows_specific_actions_patterns": false,
      "patterns": [

      ]
    }
  },
  {
    "type": "repository",
    "url": "https://github.com/MrSiNun/321",
    "owner": "https://github.com/MrSiNun",
    "name": "321",
    "description": null,
    "website": null,
    "private": true,
    "has_issues": true,
    "has_wiki": false,
    "has_downloads": true,
    "is_archived": false,
    "labels": [
      {
        "url": "https://github.com/MrSiNun/321/labels/bug",
        "name": "bug",
        "color": "d73a4a",
        "description": "Something isn't working",
        "created_at": "2024-05-20T20:00:41Z"
      },
      {
        "url": "https://github.com/MrSiNun/321/labels/documentation",
        "name": "documentation",
        "color": "0075ca",
        "description": "Improvements or additions to documentation",
        "created_at": "2024-05-20T20:00:41Z"
      },
      {
        "url": "https://github.com/MrSiNun/321/labels/duplicate",
        "name": "duplicate",
        "color": "cfd3d7",
        "description": "This issue or pull request already exists",
        "created_at": "2024-05-20T20:00:41Z"
      },
      {
        "url": "https://github.com/MrSiNun/321/labels/enhancement",
        "name": "enhancement",
        "color": "a2eeef",
        "description": "New feature or request",
        "created_at": "2024-05-20T20:00:41Z"
      },
      {
        "url": "https://github.com/MrSiNun/321/labels/good%20first%20issue",
        "name": "good first issue",
        "color": "7057ff",
        "description": "Good for newcomers",
        "created_at": "2024-05-20T20:00:41Z"
      },
      {
        "url": "https://github.com/MrSiNun/321/labels/help%20wanted",
        "name": "help wanted",
        "color": "008672",
        "description": "Extra attention is needed",
        "created_at": "2024-05-20T20:00:41Z"
      },
      {
        "url": "https://github.com/MrSiNun/321/labels/invalid",
        "name": "invalid",
        "color": "e4e669",
        "description": "This doesn't seem right",
        "created_at": "2024-05-20T20:00:41Z"
      },
      {
        "url": "https://github.com/MrSiNun/321/labels/question",
        "name": "question",
        "color": "d876e3",
        "description": "Further information is requested",
        "created_at": "2024-05-20T20:00:41Z"
      },
      {
        "url": "https://github.com/MrSiNun/321/labels/wontfix",
        "name": "wontfix",
        "color": "ffffff",
        "description": "This will not be worked on",
        "created_at": "2024-05-20T20:00:41Z"
      }
    ],
    "collaborators": [

    ],
    "created_at": "2024-05-20T20:00:40Z",
    "git_url": "tarball://root/repositories/MrSiNun/321.git",
    "default_branch": "main",
    "webhooks": [

    ],
    "page": null,
    "public_keys": [

    ],
    "repository_topics": [

    ],
    "security_and_analysis": {
      "dependency_graph": true,
      "vulnerability_alerts": false,
      "vulnerability_updates": false,
      "advanced_security": false,
      "token_scanning": false,
      "token_scanning_push_protection": false
    },
    "autolinks": [

    ],
    "general_settings": {
      "template": false,
      "allow_forking": true,
      "sponsorships": false,
      "projects": true,
      "discussions": false,
      "merge_commit": true,
      "squash_merge": true,
      "rebase_merge": true,
      "auto_merge": false,
      "delete_branch_heads": false,
      "update_branch": false,
      "git_lfs_in_archives": false
    },
    "actions_general_settings": {
      "actions_disabled": false,
      "allows_all_actions": true,
      "allows_local_actions_only": false,
      "allows_github_owned_actions": false,
      "allows_verified_actions": false,
      "allows_specific_actions_patterns": false,
      "patterns": [

      ]
    }
  },
  {
    "type": "repository",
    "url": "https://github.com/MrSiNun/LOADING",
    "owner": "https://github.com/MrSiNun",
    "name": "LOADING",
    "description": null,
    "website": null,
    "private": false,
    "has_issues": true,
    "has_wiki": true,
    "has_downloads": true,
    "is_archived": false,
    "labels": [
      {
        "url": "https://github.com/MrSiNun/LOADING/labels/bug",
        "name": "bug",
        "color": "d73a4a",
        "description": "Something isn't working",
        "created_at": "2024-05-20T20:03:20Z"
      },
      {
        "url": "https://github.com/MrSiNun/LOADING/labels/documentation",
        "name": "documentation",
        "color": "0075ca",
        "description": "Improvements or additions to documentation",
        "created_at": "2024-05-20T20:03:20Z"
      },
      {
        "url": "https://github.com/MrSiNun/LOADING/labels/duplicate",
        "name": "duplicate",
        "color": "cfd3d7",
        "description": "This issue or pull request already exists",
        "created_at": "2024-05-20T20:03:20Z"
      },
      {
        "url": "https://github.com/MrSiNun/LOADING/labels/enhancement",
        "name": "enhancement",
        "color": "a2eeef",
        "description": "New feature or request",
        "created_at": "2024-05-20T20:03:20Z"
      },
      {
        "url": "https://github.com/MrSiNun/LOADING/labels/good%20first%20issue",
        "name": "good first issue",
        "color": "7057ff",
        "description": "Good for newcomers",
        "created_at": "2024-05-20T20:03:20Z"
      },
      {
        "url": "https://github.com/MrSiNun/LOADING/labels/help%20wanted",
        "name": "help wanted",
        "color": "008672",
        "description": "Extra attention is needed",
        "created_at": "2024-05-20T20:03:20Z"
      },
      {
        "url": "https://github.com/MrSiNun/LOADING/labels/invalid",
        "name": "invalid",
        "color": "e4e669",
        "description": "This doesn't seem right",
        "created_at": "2024-05-20T20:03:20Z"
      },
      {
        "url": "https://github.com/MrSiNun/LOADING/labels/question",
        "name": "question",
        "color": "d876e3",
        "description": "Further information is requested",
        "created_at": "2024-05-20T20:03:20Z"
      },
      {
        "url": "https://github.com/MrSiNun/LOADING/labels/wontfix",
        "name": "wontfix",
        "color": "ffffff",
        "description": "This will not be worked on",
        "created_at": "2024-05-20T20:03:20Z"
      }
    ],
    "collaborators": [

    ],
    "created_at": "2024-05-20T20:03:19Z",
    "git_url": "tarball://root/repositories/MrSiNun/LOADING.git",
    "default_branch": "main",
    "webhooks": [

    ],
    "page": null,
    "public_keys": [

    ],
    "repository_topics": [

    ],
    "security_and_analysis": {
      "dependency_graph": true,
      "vulnerability_alerts": false,
      "vulnerability_updates": false,
      "advanced_security": false,
      "token_scanning": true,
      "token_scanning_push_protection": true
    },
    "autolinks": [

    ],
    "general_settings": {
      "template": false,
      "allow_forking": true,
      "sponsorships": false,
      "projects": true,
      "discussions": false,
      "merge_commit": true,
      "squash_merge": true,
      "rebase_merge": true,
      "auto_merge": false,
      "delete_branch_heads": false,
      "update_branch": false,
      "git_lfs_in_archives": false
    },
    "actions_general_settings": {
      "actions_disabled": false,
      "allows_all_actions": true,
      "allows_local_actions_only": false,
      "allows_github_owned_actions": false,
      "allows_verified_actions": false,
      "allows_specific_actions_patterns": false,
      "patterns": [

      ]
    }
  },
  {
    "type": "repository",
    "url": "https://github.com/MrSiNun/pc",
    "owner": "https://github.com/MrSiNun",
    "name": "pc",
    "description": "wed",
    "website": null,
    "private": true,
    "has_issues": true,
    "has_wiki": false,
    "has_downloads": true,
    "is_archived": false,
    "labels": [
      {
        "url": "https://github.com/MrSiNun/pc/labels/bug",
        "name": "bug",
        "color": "d73a4a",
        "description": "Something isn't working",
        "created_at": "2024-05-20T20:41:29Z"
      },
      {
        "url": "https://github.com/MrSiNun/pc/labels/documentation",
        "name": "documentation",
        "color": "0075ca",
        "description": "Improvements or additions to documentation",
        "created_at": "2024-05-20T20:41:29Z"
      },
      {
        "url": "https://github.com/MrSiNun/pc/labels/duplicate",
        "name": "duplicate",
        "color": "cfd3d7",
        "description": "This issue or pull request already exists",
        "created_at": "2024-05-20T20:41:29Z"
      },
      {
        "url": "https://github.com/MrSiNun/pc/labels/enhancement",
        "name": "enhancement",
        "color": "a2eeef",
        "description": "New feature or request",
        "created_at": "2024-05-20T20:41:29Z"
      },
      {
        "url": "https://github.com/MrSiNun/pc/labels/good%20first%20issue",
        "name": "good first issue",
        "color": "7057ff",
        "description": "Good for newcomers",
        "created_at": "2024-05-20T20:41:29Z"
      },
      {
        "url": "https://github.com/MrSiNun/pc/labels/help%20wanted",
        "name": "help wanted",
        "color": "008672",
        "description": "Extra attention is needed",
        "created_at": "2024-05-20T20:41:29Z"
      },
      {
        "url": "https://github.com/MrSiNun/pc/labels/invalid",
        "name": "invalid",
        "color": "e4e669",
        "description": "This doesn't seem right",
        "created_at": "2024-05-20T20:41:29Z"
      },
      {
        "url": "https://github.com/MrSiNun/pc/labels/question",
        "name": "question",
        "color": "d876e3",
        "description": "Further information is requested",
        "created_at": "2024-05-20T20:41:30Z"
      },
      {
        "url": "https://github.com/MrSiNun/pc/labels/wontfix",
        "name": "wontfix",
        "color": "ffffff",
        "description": "This will not be worked on",
        "created_at": "2024-05-20T20:41:30Z"
      }
    ],
    "collaborators": [

    ],
    "created_at": "2024-05-20T20:41:28Z",
    "git_url": "tarball://root/repositories/MrSiNun/pc.git",
    "default_branch": "main",
    "webhooks": [

    ],
    "page": null,
    "public_keys": [

    ],
    "repository_topics": [

    ],
    "security_and_analysis": {
      "dependency_graph": true,
      "vulnerability_alerts": false,
      "vulnerability_updates": false,
      "advanced_security": false,
      "token_scanning": false,
      "token_scanning_push_protection": false
    },
    "autolinks": [

    ],
    "general_settings": {
      "template": false,
      "allow_forking": true,
      "sponsorships": false,
      "projects": true,
      "discussions": false,
      "merge_commit": true,
      "squash_merge": true,
      "rebase_merge": true,
      "auto_merge": false,
      "delete_branch_heads": false,
      "update_branch": false,
      "git_lfs_in_archives": false
    },
    "actions_general_settings": {
      "actions_disabled": false,
      "allows_all_actions": true,
      "allows_local_actions_only": false,
      "allows_github_owned_actions": false,
      "allows_verified_actions": false,
      "allows_specific_actions_patterns": false,
      "patterns": [

      ]
    }
  },
  {
    "type": "repository",
    "url": "https://github.com/MrSiNun/my_app",
    "owner": "https://github.com/MrSiNun",
    "name": "my_app",
    "description": null,
    "website": null,
    "private": true,
    "has_issues": true,
    "has_wiki": false,
    "has_downloads": true,
    "is_archived": false,
    "labels": [
      {
        "url": "https://github.com/MrSiNun/my_app/labels/bug",
        "name": "bug",
        "color": "d73a4a",
        "description": "Something isn't working",
        "created_at": "2024-05-21T04:29:58Z"
      },
      {
        "url": "https://github.com/MrSiNun/my_app/labels/documentation",
        "name": "documentation",
        "color": "0075ca",
        "description": "Improvements or additions to documentation",
        "created_at": "2024-05-21T04:29:58Z"
      },
      {
        "url": "https://github.com/MrSiNun/my_app/labels/duplicate",
        "name": "duplicate",
        "color": "cfd3d7",
        "description": "This issue or pull request already exists",
        "created_at": "2024-05-21T04:29:58Z"
      },
      {
        "url": "https://github.com/MrSiNun/my_app/labels/enhancement",
        "name": "enhancement",
        "color": "a2eeef",
        "description": "New feature or request",
        "created_at": "2024-05-21T04:29:58Z"
      },
      {
        "url": "https://github.com/MrSiNun/my_app/labels/good%20first%20issue",
        "name": "good first issue",
        "color": "7057ff",
        "description": "Good for newcomers",
        "created_at": "2024-05-21T04:29:58Z"
      },
      {
        "url": "https://github.com/MrSiNun/my_app/labels/help%20wanted",
        "name": "help wanted",
        "color": "008672",
        "description": "Extra attention is needed",
        "created_at": "2024-05-21T04:29:58Z"
      },
      {
        "url": "https://github.com/MrSiNun/my_app/labels/invalid",
        "name": "invalid",
        "color": "e4e669",
        "description": "This doesn't seem right",
        "created_at": "2024-05-21T04:29:58Z"
      },
      {
        "url": "https://github.com/MrSiNun/my_app/labels/question",
        "name": "question",
        "color": "d876e3",
        "description": "Further information is requested",
        "created_at": "2024-05-21T04:29:58Z"
      },
      {
        "url": "https://github.com/MrSiNun/my_app/labels/wontfix",
        "name": "wontfix",
        "color": "ffffff",
        "description": "This will not be worked on",
        "created_at": "2024-05-21T04:29:59Z"
      }
    ],
    "collaborators": [

    ],
    "created_at": "2024-05-21T04:29:57Z",
    "git_url": "tarball://root/repositories/MrSiNun/my_app.git",
    "default_branch": "main",
    "webhooks": [

    ],
    "page": null,
    "public_keys": [

    ],
    "repository_topics": [

    ],
    "security_and_analysis": {
      "dependency_graph": true,
      "vulnerability_alerts": false,
      "vulnerability_updates": false,
      "advanced_security": false,
      "token_scanning": false,
      "token_scanning_push_protection": false
    },
    "autolinks": [

    ],
    "general_settings": {
      "template": false,
      "allow_forking": true,
      "sponsorships": false,
      "projects": true,
      "discussions": false,
      "merge_commit": true,
      "squash_merge": true,
      "rebase_merge": true,
      "auto_merge": false,
      "delete_branch_heads": false,
      "update_branch": false,
      "git_lfs_in_archives": false
    },
    "actions_general_settings": {
      "actions_disabled": false,
      "allows_all_actions": true,
      "allows_local_actions_only": false,
      "allows_github_owned_actions": false,
      "allows_verified_actions": false,
      "allows_specific_actions_patterns": false,
      "patterns": [

      ]
    }
  },
  {
    "type": "repository",
    "url": "https://github.com/MrSiNun/college_database_csck542",
    "owner": "https://github.com/MrSiNun",
    "name": "college_database_csck542",
    "description": null,
    "website": null,
    "private": false,
    "has_issues": false,
    "has_wiki": true,
    "has_downloads": true,
    "is_archived": false,
    "labels": [
      {
        "url": "https://github.com/MrSiNun/college_database_csck542/labels/bug",
        "name": "bug",
        "color": "d73a4a",
        "description": "Something isn't working",
        "created_at": "2024-06-10T13:43:53Z"
      },
      {
        "url": "https://github.com/MrSiNun/college_database_csck542/labels/documentation",
        "name": "documentation",
        "color": "0075ca",
        "description": "Improvements or additions to documentation",
        "created_at": "2024-06-10T13:43:53Z"
      },
      {
        "url": "https://github.com/MrSiNun/college_database_csck542/labels/duplicate",
        "name": "duplicate",
        "color": "cfd3d7",
        "description": "This issue or pull request already exists",
        "created_at": "2024-06-10T13:43:53Z"
      },
      {
        "url": "https://github.com/MrSiNun/college_database_csck542/labels/enhancement",
        "name": "enhancement",
        "color": "a2eeef",
        "description": "New feature or request",
        "created_at": "2024-06-10T13:43:53Z"
      },
      {
        "url": "https://github.com/MrSiNun/college_database_csck542/labels/good%20first%20issue",
        "name": "good first issue",
        "color": "7057ff",
        "description": "Good for newcomers",
        "created_at": "2024-06-10T13:43:53Z"
      },
      {
        "url": "https://github.com/MrSiNun/college_database_csck542/labels/help%20wanted",
        "name": "help wanted",
        "color": "008672",
        "description": "Extra attention is needed",
        "created_at": "2024-06-10T13:43:53Z"
      },
      {
        "url": "https://github.com/MrSiNun/college_database_csck542/labels/invalid",
        "name": "invalid",
        "color": "e4e669",
        "description": "This doesn't seem right",
        "created_at": "2024-06-10T13:43:53Z"
      },
      {
        "url": "https://github.com/MrSiNun/college_database_csck542/labels/question",
        "name": "question",
        "color": "d876e3",
        "description": "Further information is requested",
        "created_at": "2024-06-10T13:43:54Z"
      },
      {
        "url": "https://github.com/MrSiNun/college_database_csck542/labels/wontfix",
        "name": "wontfix",
        "color": "ffffff",
        "description": "This will not be worked on",
        "created_at": "2024-06-10T13:43:54Z"
      }
    ],
    "collaborators": [

    ],
    "created_at": "2024-06-10T13:43:52Z",
    "git_url": "tarball://root/repositories/MrSiNun/college_database_csck542.git",
    "default_branch": "main",
    "webhooks": [

    ],
    "page": null,
    "public_keys": [

    ],
    "repository_topics": [

    ],
    "security_and_analysis": {
      "dependency_graph": false,
      "vulnerability_alerts": false,
      "vulnerability_updates": false,
      "advanced_security": false,
      "token_scanning": true,
      "token_scanning_push_protection": true
    },
    "autolinks": [

    ],
    "general_settings": {
      "template": false,
      "allow_forking": true,
      "sponsorships": false,
      "projects": true,
      "discussions": false,
      "merge_commit": true,
      "squash_merge": true,
      "rebase_merge": true,
      "auto_merge": false,
      "delete_branch_heads": false,
      "update_branch": false,
      "git_lfs_in_archives": false
    },
    "actions_general_settings": {
      "actions_disabled": false,
      "allows_all_actions": true,
      "allows_local_actions_only": false,
      "allows_github_owned_actions": false,
      "allows_verified_actions": false,
      "allows_specific_actions_patterns": false,
      "patterns": [

      ]
    }
  },
  {
    "type": "repository",
    "url": "https://github.com/MrSiNun/Pandas-Advancing",
    "owner": "https://github.com/MrSiNun",
    "name": "Pandas-Advancing",
    "description": null,
    "website": null,
    "private": false,
    "has_issues": true,
    "has_wiki": true,
    "has_downloads": true,
    "is_archived": false,
    "labels": [
      {
        "url": "https://github.com/MrSiNun/Pandas-Advancing/labels/bug",
        "name": "bug",
        "color": "d73a4a",
        "description": "Something isn't working",
        "created_at": "2024-09-05T16:41:44Z"
      },
      {
        "url": "https://github.com/MrSiNun/Pandas-Advancing/labels/documentation",
        "name": "documentation",
        "color": "0075ca",
        "description": "Improvements or additions to documentation",
        "created_at": "2024-09-05T16:41:44Z"
      },
      {
        "url": "https://github.com/MrSiNun/Pandas-Advancing/labels/duplicate",
        "name": "duplicate",
        "color": "cfd3d7",
        "description": "This issue or pull request already exists",
        "created_at": "2024-09-05T16:41:44Z"
      },
      {
        "url": "https://github.com/MrSiNun/Pandas-Advancing/labels/enhancement",
        "name": "enhancement",
        "color": "a2eeef",
        "description": "New feature or request",
        "created_at": "2024-09-05T16:41:44Z"
      },
      {
        "url": "https://github.com/MrSiNun/Pandas-Advancing/labels/good%20first%20issue",
        "name": "good first issue",
        "color": "7057ff",
        "description": "Good for newcomers",
        "created_at": "2024-09-05T16:41:44Z"
      },
      {
        "url": "https://github.com/MrSiNun/Pandas-Advancing/labels/help%20wanted",
        "name": "help wanted",
        "color": "008672",
        "description": "Extra attention is needed",
        "created_at": "2024-09-05T16:41:44Z"
      },
      {
        "url": "https://github.com/MrSiNun/Pandas-Advancing/labels/invalid",
        "name": "invalid",
        "color": "e4e669",
        "description": "This doesn't seem right",
        "created_at": "2024-09-05T16:41:44Z"
      },
      {
        "url": "https://github.com/MrSiNun/Pandas-Advancing/labels/question",
        "name": "question",
        "color": "d876e3",
        "description": "Further information is requested",
        "created_at": "2024-09-05T16:41:44Z"
      },
      {
        "url": "https://github.com/MrSiNun/Pandas-Advancing/labels/wontfix",
        "name": "wontfix",
        "color": "ffffff",
        "description": "This will not be worked on",
        "created_at": "2024-09-05T16:41:44Z"
      }
    ],
    "collaborators": [

    ],
    "created_at": "2024-09-05T16:41:43Z",
    "git_url": "tarball://root/repositories/MrSiNun/Pandas-Advancing.git",
    "default_branch": "master",
    "webhooks": [

    ],
    "page": null,
    "public_keys": [

    ],
    "repository_topics": [

    ],
    "security_and_analysis": {
      "dependency_graph": true,
      "vulnerability_alerts": false,
      "vulnerability_updates": false,
      "advanced_security": false,
      "token_scanning": true,
      "token_scanning_push_protection": true
    },
    "autolinks": [

    ],
    "general_settings": {
      "template": false,
      "allow_forking": true,
      "sponsorships": false,
      "projects": true,
      "discussions": false,
      "merge_commit": true,
      "squash_merge": true,
      "rebase_merge": true,
      "auto_merge": false,
      "delete_branch_heads": false,
      "update_branch": false,
      "git_lfs_in_archives": false
    },
    "actions_general_settings": {
      "actions_disabled": false,
      "allows_all_actions": true,
      "allows_local_actions_only": false,
      "allows_github_owned_actions": false,
      "allows_verified_actions": false,
      "allows_specific_actions_patterns": false,
      "patterns": [

      ]
    }
  },
  {
    "type": "repository",
    "url": "https://github.com/MrSiNun/CSCK503-August-2024-A-Practical-Assessment-PSIS-Faculty-Dataset-Data-Quality-Analysis-and-Cleansing",
    "owner": "https://github.com/MrSiNun",
    "name": "CSCK503-August-2024-A-Practical-Assessment-PSIS-Faculty-Dataset-Data-Quality-Analysis-and-Cleansing",
    "description": null,
    "website": null,
    "private": false,
    "has_issues": true,
    "has_wiki": true,
    "has_downloads": true,
    "is_archived": false,
    "labels": [
      {
        "url": "https://github.com/MrSiNun/CSCK503-August-2024-A-Practical-Assessment-PSIS-Faculty-Dataset-Data-Quality-Analysis-and-Cleansing/labels/bug",
        "name": "bug",
        "color": "d73a4a",
        "description": "Something isn't working",
        "created_at": "2024-09-05T21:35:30Z"
      },
      {
        "url": "https://github.com/MrSiNun/CSCK503-August-2024-A-Practical-Assessment-PSIS-Faculty-Dataset-Data-Quality-Analysis-and-Cleansing/labels/documentation",
        "name": "documentation",
        "color": "0075ca",
        "description": "Improvements or additions to documentation",
        "created_at": "2024-09-05T21:35:30Z"
      },
      {
        "url": "https://github.com/MrSiNun/CSCK503-August-2024-A-Practical-Assessment-PSIS-Faculty-Dataset-Data-Quality-Analysis-and-Cleansing/labels/duplicate",
        "name": "duplicate",
        "color": "cfd3d7",
        "description": "This issue or pull request already exists",
        "created_at": "2024-09-05T21:35:30Z"
      },
      {
        "url": "https://github.com/MrSiNun/CSCK503-August-2024-A-Practical-Assessment-PSIS-Faculty-Dataset-Data-Quality-Analysis-and-Cleansing/labels/enhancement",
        "name": "enhancement",
        "color": "a2eeef",
        "description": "New feature or request",
        "created_at": "2024-09-05T21:35:30Z"
      },
      {
        "url": "https://github.com/MrSiNun/CSCK503-August-2024-A-Practical-Assessment-PSIS-Faculty-Dataset-Data-Quality-Analysis-and-Cleansing/labels/good%20first%20issue",
        "name": "good first issue",
        "color": "7057ff",
        "description": "Good for newcomers",
        "created_at": "2024-09-05T21:35:30Z"
      },
      {
        "url": "https://github.com/MrSiNun/CSCK503-August-2024-A-Practical-Assessment-PSIS-Faculty-Dataset-Data-Quality-Analysis-and-Cleansing/labels/help%20wanted",
        "name": "help wanted",
        "color": "008672",
        "description": "Extra attention is needed",
        "created_at": "2024-09-05T21:35:30Z"
      },
      {
        "url": "https://github.com/MrSiNun/CSCK503-August-2024-A-Practical-Assessment-PSIS-Faculty-Dataset-Data-Quality-Analysis-and-Cleansing/labels/invalid",
        "name": "invalid",
        "color": "e4e669",
        "description": "This doesn't seem right",
        "created_at": "2024-09-05T21:35:30Z"
      },
      {
        "url": "https://github.com/MrSiNun/CSCK503-August-2024-A-Practical-Assessment-PSIS-Faculty-Dataset-Data-Quality-Analysis-and-Cleansing/labels/question",
        "name": "question",
        "color": "d876e3",
        "description": "Further information is requested",
        "created_at": "2024-09-05T21:35:30Z"
      },
      {
        "url": "https://github.com/MrSiNun/CSCK503-August-2024-A-Practical-Assessment-PSIS-Faculty-Dataset-Data-Quality-Analysis-and-Cleansing/labels/wontfix",
        "name": "wontfix",
        "color": "ffffff",
        "description": "This will not be worked on",
        "created_at": "2024-09-05T21:35:30Z"
      }
    ],
    "collaborators": [

    ],
    "created_at": "2024-09-05T21:35:29Z",
    "git_url": "tarball://root/repositories/MrSiNun/CSCK503-August-2024-A-Practical-Assessment-PSIS-Faculty-Dataset-Data-Quality-Analysis-and-Cleansing.git",
    "default_branch": "main",
    "webhooks": [

    ],
    "page": null,
    "public_keys": [

    ],
    "repository_topics": [

    ],
    "security_and_analysis": {
      "dependency_graph": true,
      "vulnerability_alerts": false,
      "vulnerability_updates": false,
      "advanced_security": false,
      "token_scanning": true,
      "token_scanning_push_protection": true
    },
    "autolinks": [

    ],
    "general_settings": {
      "template": false,
      "allow_forking": true,
      "sponsorships": false,
      "projects": true,
      "discussions": false,
      "merge_commit": true,
      "squash_merge": true,
      "rebase_merge": true,
      "auto_merge": false,
      "delete_branch_heads": false,
      "update_branch": false,
      "git_lfs_in_archives": false
    },
    "actions_general_settings": {
      "actions_disabled": false,
      "allows_all_actions": true,
      "allows_local_actions_only": false,
      "allows_github_owned_actions": false,
      "allows_verified_actions": false,
      "allows_specific_actions_patterns": false,
      "patterns": [

      ]
    }
  },
  {
    "type": "repository",
    "url": "https://github.com/MrSiNun/PANDAS",
    "owner": "https://github.com/MrSiNun",
    "name": "PANDAS",
    "description": null,
    "website": null,
    "private": false,
    "has_issues": true,
    "has_wiki": true,
    "has_downloads": true,
    "is_archived": false,
    "labels": [
      {
        "url": "https://github.com/MrSiNun/PANDAS/labels/bug",
        "name": "bug",
        "color": "d73a4a",
        "description": "Something isn't working",
        "created_at": "2024-09-22T14:29:30Z"
      },
      {
        "url": "https://github.com/MrSiNun/PANDAS/labels/documentation",
        "name": "documentation",
        "color": "0075ca",
        "description": "Improvements or additions to documentation",
        "created_at": "2024-09-22T14:29:30Z"
      },
      {
        "url": "https://github.com/MrSiNun/PANDAS/labels/duplicate",
        "name": "duplicate",
        "color": "cfd3d7",
        "description": "This issue or pull request already exists",
        "created_at": "2024-09-22T14:29:30Z"
      },
      {
        "url": "https://github.com/MrSiNun/PANDAS/labels/enhancement",
        "name": "enhancement",
        "color": "a2eeef",
        "description": "New feature or request",
        "created_at": "2024-09-22T14:29:30Z"
      },
      {
        "url": "https://github.com/MrSiNun/PANDAS/labels/good%20first%20issue",
        "name": "good first issue",
        "color": "7057ff",
        "description": "Good for newcomers",
        "created_at": "2024-09-22T14:29:30Z"
      },
      {
        "url": "https://github.com/MrSiNun/PANDAS/labels/help%20wanted",
        "name": "help wanted",
        "color": "008672",
        "description": "Extra attention is needed",
        "created_at": "2024-09-22T14:29:30Z"
      },
      {
        "url": "https://github.com/MrSiNun/PANDAS/labels/invalid",
        "name": "invalid",
        "color": "e4e669",
        "description": "This doesn't seem right",
        "created_at": "2024-09-22T14:29:30Z"
      },
      {
        "url": "https://github.com/MrSiNun/PANDAS/labels/question",
        "name": "question",
        "color": "d876e3",
        "description": "Further information is requested",
        "created_at": "2024-09-22T14:29:30Z"
      },
      {
        "url": "https://github.com/MrSiNun/PANDAS/labels/wontfix",
        "name": "wontfix",
        "color": "ffffff",
        "description": "This will not be worked on",
        "created_at": "2024-09-22T14:29:30Z"
      }
    ],
    "collaborators": [

    ],
    "created_at": "2024-09-22T14:29:28Z",
    "git_url": "tarball://root/repositories/MrSiNun/PANDAS.git",
    "default_branch": "master",
    "webhooks": [

    ],
    "page": null,
    "public_keys": [

    ],
    "repository_topics": [

    ],
    "security_and_analysis": {
      "dependency_graph": true,
      "vulnerability_alerts": false,
      "vulnerability_updates": false,
      "advanced_security": false,
      "token_scanning": true,
      "token_scanning_push_protection": true
    },
    "autolinks": [

    ],
    "general_settings": {
      "template": false,
      "allow_forking": true,
      "sponsorships": false,
      "projects": true,
      "discussions": false,
      "merge_commit": true,
      "squash_merge": true,
      "rebase_merge": true,
      "auto_merge": false,
      "delete_branch_heads": false,
      "update_branch": false,
      "git_lfs_in_archives": false
    },
    "actions_general_settings": {
      "actions_disabled": false,
      "allows_all_actions": true,
      "allows_local_actions_only": false,
      "allows_github_owned_actions": false,
      "allows_verified_actions": false,
      "allows_specific_actions_patterns": false,
      "patterns": [

      ]
    }
  },
  {
    "type": "repository",
    "url": "https://github.com/MrSiNun/Predicting-Atmospheric-Emissions-Using-Machine-Learning-Models",
    "owner": "https://github.com/MrSiNun",
    "name": "Predicting-Atmospheric-Emissions-Using-Machine-Learning-Models",
    "description": "Predicting Atmospheric Emissions Using Machine Learning Models",
    "website": "",
    "private": false,
    "has_issues": true,
    "has_wiki": true,
    "has_downloads": true,
    "is_archived": false,
    "labels": [
      {
        "url": "https://github.com/MrSiNun/Predicting-Atmospheric-Emissions-Using-Machine-Learning-Models/labels/bug",
        "name": "bug",
        "color": "d73a4a",
        "description": "Something isn't working",
        "created_at": "2024-09-22T14:33:18Z"
      },
      {
        "url": "https://github.com/MrSiNun/Predicting-Atmospheric-Emissions-Using-Machine-Learning-Models/labels/documentation",
        "name": "documentation",
        "color": "0075ca",
        "description": "Improvements or additions to documentation",
        "created_at": "2024-09-22T14:33:18Z"
      },
      {
        "url": "https://github.com/MrSiNun/Predicting-Atmospheric-Emissions-Using-Machine-Learning-Models/labels/duplicate",
        "name": "duplicate",
        "color": "cfd3d7",
        "description": "This issue or pull request already exists",
        "created_at": "2024-09-22T14:33:18Z"
      },
      {
        "url": "https://github.com/MrSiNun/Predicting-Atmospheric-Emissions-Using-Machine-Learning-Models/labels/enhancement",
        "name": "enhancement",
        "color": "a2eeef",
        "description": "New feature or request",
        "created_at": "2024-09-22T14:33:18Z"
      },
      {
        "url": "https://github.com/MrSiNun/Predicting-Atmospheric-Emissions-Using-Machine-Learning-Models/labels/good%20first%20issue",
        "name": "good first issue",
        "color": "7057ff",
        "description": "Good for newcomers",
        "created_at": "2024-09-22T14:33:18Z"
      },
      {
        "url": "https://github.com/MrSiNun/Predicting-Atmospheric-Emissions-Using-Machine-Learning-Models/labels/help%20wanted",
        "name": "help wanted",
        "color": "008672",
        "description": "Extra attention is needed",
        "created_at": "2024-09-22T14:33:18Z"
      },
      {
        "url": "https://github.com/MrSiNun/Predicting-Atmospheric-Emissions-Using-Machine-Learning-Models/labels/invalid",
        "name": "invalid",
        "color": "e4e669",
        "description": "This doesn't seem right",
        "created_at": "2024-09-22T14:33:18Z"
      },
      {
        "url": "https://github.com/MrSiNun/Predicting-Atmospheric-Emissions-Using-Machine-Learning-Models/labels/question",
        "name": "question",
        "color": "d876e3",
        "description": "Further information is requested",
        "created_at": "2024-09-22T14:33:18Z"
      },
      {
        "url": "https://github.com/MrSiNun/Predicting-Atmospheric-Emissions-Using-Machine-Learning-Models/labels/wontfix",
        "name": "wontfix",
        "color": "ffffff",
        "description": "This will not be worked on",
        "created_at": "2024-09-22T14:33:18Z"
      }
    ],
    "collaborators": [

    ],
    "created_at": "2024-09-22T14:33:16Z",
    "git_url": "tarball://root/repositories/MrSiNun/Predicting-Atmospheric-Emissions-Using-Machine-Learning-Models.git",
    "default_branch": "main",
    "webhooks": [

    ],
    "page": null,
    "public_keys": [

    ],
    "repository_topics": [

    ],
    "security_and_analysis": {
      "dependency_graph": true,
      "vulnerability_alerts": false,
      "vulnerability_updates": false,
      "advanced_security": false,
      "token_scanning": true,
      "token_scanning_push_protection": true
    },
    "autolinks": [

    ],
    "general_settings": {
      "template": false,
      "allow_forking": true,
      "sponsorships": false,
      "projects": true,
      "discussions": false,
      "merge_commit": true,
      "squash_merge": true,
      "rebase_merge": true,
      "auto_merge": false,
      "delete_branch_heads": false,
      "update_branch": false,
      "git_lfs_in_archives": false
    },
    "actions_general_settings": {
      "actions_disabled": false,
      "allows_all_actions": true,
      "allows_local_actions_only": false,
      "allows_github_owned_actions": false,
      "allows_verified_actions": false,
      "allows_specific_actions_patterns": false,
      "patterns": [

      ]
    }
  },
  {
    "type": "repository",
    "url": "https://github.com/MrSiNun/nbgrader",
    "owner": "https://github.com/MrSiNun",
    "name": "nbgrader",
    "description": null,
    "website": null,
    "private": false,
    "has_issues": true,
    "has_wiki": false,
    "has_downloads": true,
    "is_archived": false,
    "labels": [
      {
        "url": "https://github.com/MrSiNun/nbgrader/labels/bug",
        "name": "bug",
        "color": "d73a4a",
        "description": "Something isn't working",
        "created_at": "2024-10-23T06:14:06Z"
      },
      {
        "url": "https://github.com/MrSiNun/nbgrader/labels/documentation",
        "name": "documentation",
        "color": "0075ca",
        "description": "Improvements or additions to documentation",
        "created_at": "2024-10-23T06:14:06Z"
      },
      {
        "url": "https://github.com/MrSiNun/nbgrader/labels/duplicate",
        "name": "duplicate",
        "color": "cfd3d7",
        "description": "This issue or pull request already exists",
        "created_at": "2024-10-23T06:14:07Z"
      },
      {
        "url": "https://github.com/MrSiNun/nbgrader/labels/enhancement",
        "name": "enhancement",
        "color": "a2eeef",
        "description": "New feature or request",
        "created_at": "2024-10-23T06:14:07Z"
      },
      {
        "url": "https://github.com/MrSiNun/nbgrader/labels/good%20first%20issue",
        "name": "good first issue",
        "color": "7057ff",
        "description": "Good for newcomers",
        "created_at": "2024-10-23T06:14:07Z"
      },
      {
        "url": "https://github.com/MrSiNun/nbgrader/labels/help%20wanted",
        "name": "help wanted",
        "color": "008672",
        "description": "Extra attention is needed",
        "created_at": "2024-10-23T06:14:07Z"
      },
      {
        "url": "https://github.com/MrSiNun/nbgrader/labels/invalid",
        "name": "invalid",
        "color": "e4e669",
        "description": "This doesn't seem right",
        "created_at": "2024-10-23T06:14:07Z"
      },
      {
        "url": "https://github.com/MrSiNun/nbgrader/labels/question",
        "name": "question",
        "color": "d876e3",
        "description": "Further information is requested",
        "created_at": "2024-10-23T06:14:07Z"
      },
      {
        "url": "https://github.com/MrSiNun/nbgrader/labels/wontfix",
        "name": "wontfix",
        "color": "ffffff",
        "description": "This will not be worked on",
        "created_at": "2024-10-23T06:14:07Z"
      }
    ],
    "collaborators": [

    ],
    "created_at": "2024-10-23T06:14:05Z",
    "git_url": "tarball://root/repositories/MrSiNun/nbgrader.git",
    "default_branch": "main",
    "webhooks": [

    ],
    "page": null,
    "public_keys": [

    ],
    "repository_topics": [

    ],
    "security_and_analysis": {
      "dependency_graph": true,
      "vulnerability_alerts": true,
      "vulnerability_updates": false,
      "advanced_security": false,
      "token_scanning": false,
      "token_scanning_push_protection": false
    },
    "autolinks": [

    ],
    "general_settings": {
      "template": false,
      "allow_forking": true,
      "sponsorships": false,
      "projects": true,
      "discussions": false,
      "merge_commit": true,
      "squash_merge": true,
      "rebase_merge": true,
      "auto_merge": false,
      "delete_branch_heads": false,
      "update_branch": false,
      "git_lfs_in_archives": false
    },
    "actions_general_settings": {
      "actions_disabled": false,
      "allows_all_actions": true,
      "allows_local_actions_only": false,
      "allows_github_owned_actions": false,
      "allows_verified_actions": false,
      "allows_specific_actions_patterns": false,
      "patterns": [

      ]
    }
  },
  {
    "type": "repository",
    "url": "https://github.com/MrSiNun/3.-Python-Libraries-for-Data-Science",
    "owner": "https://github.com/MrSiNun",
    "name": "3.-Python-Libraries-for-Data-Science",
    "description": null,
    "website": null,
    "private": true,
    "has_issues": true,
    "has_wiki": false,
    "has_downloads": true,
    "is_archived": false,
    "labels": [
      {
        "url": "https://github.com/MrSiNun/3.-Python-Libraries-for-Data-Science/labels/bug",
        "name": "bug",
        "color": "d73a4a",
        "description": "Something isn't working",
        "created_at": "2024-10-23T06:28:39Z"
      },
      {
        "url": "https://github.com/MrSiNun/3.-Python-Libraries-for-Data-Science/labels/documentation",
        "name": "documentation",
        "color": "0075ca",
        "description": "Improvements or additions to documentation",
        "created_at": "2024-10-23T06:28:39Z"
      },
      {
        "url": "https://github.com/MrSiNun/3.-Python-Libraries-for-Data-Science/labels/duplicate",
        "name": "duplicate",
        "color": "cfd3d7",
        "description": "This issue or pull request already exists",
        "created_at": "2024-10-23T06:28:39Z"
      },
      {
        "url": "https://github.com/MrSiNun/3.-Python-Libraries-for-Data-Science/labels/enhancement",
        "name": "enhancement",
        "color": "a2eeef",
        "description": "New feature or request",
        "created_at": "2024-10-23T06:28:39Z"
      },
      {
        "url": "https://github.com/MrSiNun/3.-Python-Libraries-for-Data-Science/labels/good%20first%20issue",
        "name": "good first issue",
        "color": "7057ff",
        "description": "Good for newcomers",
        "created_at": "2024-10-23T06:28:39Z"
      },
      {
        "url": "https://github.com/MrSiNun/3.-Python-Libraries-for-Data-Science/labels/help%20wanted",
        "name": "help wanted",
        "color": "008672",
        "description": "Extra attention is needed",
        "created_at": "2024-10-23T06:28:39Z"
      },
      {
        "url": "https://github.com/MrSiNun/3.-Python-Libraries-for-Data-Science/labels/invalid",
        "name": "invalid",
        "color": "e4e669",
        "description": "This doesn't seem right",
        "created_at": "2024-10-23T06:28:39Z"
      },
      {
        "url": "https://github.com/MrSiNun/3.-Python-Libraries-for-Data-Science/labels/question",
        "name": "question",
        "color": "d876e3",
        "description": "Further information is requested",
        "created_at": "2024-10-23T06:28:39Z"
      },
      {
        "url": "https://github.com/MrSiNun/3.-Python-Libraries-for-Data-Science/labels/wontfix",
        "name": "wontfix",
        "color": "ffffff",
        "description": "This will not be worked on",
        "created_at": "2024-10-23T06:28:39Z"
      }
    ],
    "collaborators": [

    ],
    "created_at": "2024-10-23T06:28:37Z",
    "git_url": "tarball://root/repositories/MrSiNun/3.-Python-Libraries-for-Data-Science.git",
    "default_branch": "main",
    "webhooks": [

    ],
    "page": null,
    "public_keys": [

    ],
    "repository_topics": [

    ],
    "security_and_analysis": {
      "dependency_graph": true,
      "vulnerability_alerts": false,
      "vulnerability_updates": false,
      "advanced_security": false,
      "token_scanning": false,
      "token_scanning_push_protection": false
    },
    "autolinks": [

    ],
    "general_settings": {
      "template": false,
      "allow_forking": true,
      "sponsorships": false,
      "projects": true,
      "discussions": false,
      "merge_commit": true,
      "squash_merge": true,
      "rebase_merge": true,
      "auto_merge": false,
      "delete_branch_heads": false,
      "update_branch": false,
      "git_lfs_in_archives": false
    },
    "actions_general_settings": {
      "actions_disabled": false,
      "allows_all_actions": true,
      "allows_local_actions_only": false,
      "allows_github_owned_actions": false,
      "allows_verified_actions": false,
      "allows_specific_actions_patterns": false,
      "patterns": [

      ]
    }
  }
]